{"id":"cb29ea70-7665-4e14-0000-016467fcc487","name":"test1","description":"","metadata":{"lastModified":1530752986322},"tags":{"defaultBodyFieldId":"body","defaultDateFieldId":null,"defaultTitleFieldId":"label","selectedMetadataIds":["claim_id","claim_product","claim_product_line","client_age","client_location","client_segment","client_sex","date"],"predictedFieldIds":[],"predictedFields":[],"studioEnabled":false,"timezone":"Asia/Tokyo"},"datasets":["cb29ea70-7665-4e14-0000-016467fa6759"],"richDatasets":[],"enrichments":["701db916-fc83-57ab-0000-000000000002"],"rankers":null,"numShards":1,"numReplicas":1,"enrichFieldGroups":[{"enrichments":["701db916-fc83-57ab-0000-000000000002"],"fields":["body"],"languages":[]}],"category":{"path":"","name":"Root","children":[{"tags":{"visualization":"auto","range":null},"path":"_word","name":"Part of Speech","editable":false,"storePosition":true,"countSubcategories":true,"storeSubcategoriesPosition":true,"children":[{"tags":{"visualization":"auto","range":null},"path":"noun","name":"Noun","editable":false,"liftUp":true,"storePosition":true,"countSubcategories":true,"storeSubcategoriesPosition":true,"children":[{"tags":{"visualization":"auto","range":null},"path":"general","name":"General Noun","editable":false,"liftUp":true,"storePosition":true,"countSubcategories":true,"storeSubcategoriesPosition":true},{"tags":{"visualization":"auto","range":null},"path":"others","name":"Others","editable":false,"liftUp":true,"storePosition":true,"countSubcategories":true,"storeSubcategoriesPosition":true}]},{"tags":{"visualization":"auto","range":null},"path":"verb","name":"Verb","editable":false,"liftUp":true,"storePosition":true,"countSubcategories":true,"storeSubcategoriesPosition":true},{"tags":{"visualization":"auto","range":null},"path":"adj","name":"Adjective","editable":false,"liftUp":true,"storePosition":true,"countSubcategories":true,"storeSubcategoriesPosition":true},{"tags":{"visualization":"auto","range":null},"path":"adv","name":"Adverb","editable":false,"liftUp":true,"storePosition":true,"countSubcategories":true,"storeSubcategoriesPosition":true},{"tags":{"visualization":"auto","range":null},"path":"conj","name":"Conjunction","editable":false,"liftUp":true,"storePosition":true,"countSubcategories":true,"storeSubcategoriesPosition":true},{"tags":{"visualization":"auto","range":null},"path":"intj","name":"Interjection","editable":false,"liftUp":true,"storePosition":true,"countSubcategories":true,"storeSubcategoriesPosition":true},{"tags":{"visualization":"auto","range":null},"path":"num","name":"Numeral","editable":false,"liftUp":true,"storePosition":true,"countSubcategories":true,"storeSubcategoriesPosition":true}]},{"tags":{"visualization":"auto","range":null},"path":"_phrase","name":"Phrase Constituent","editable":false,"storePosition":true,"countSubcategories":true,"storeSubcategoriesPosition":true,"children":[{"tags":{"visualization":"auto","range":null},"path":"noun_phrase","name":"Noun Phrase","editable":false,"liftUp":true,"storePosition":true,"countSubcategories":true,"storeSubcategoriesPosition":true,"children":[{"tags":{"visualization":"auto","range":null},"path":"nouns","name":"Noun Sequence","editable":false,"liftUp":true,"storePosition":true,"countSubcategories":true,"storeSubcategoriesPosition":true},{"tags":{"visualization":"auto","range":null},"path":"mod_noun","name":"Modified Noun","editable":false,"liftUp":true,"storePosition":true,"countSubcategories":true,"storeSubcategoriesPosition":true},{"tags":{"visualization":"auto","range":null},"path":"adp_noun","name":"Preposition with Noun","editable":false,"liftUp":true,"storePosition":true,"countSubcategories":true,"storeSubcategoriesPosition":true}]},{"tags":{"visualization":"auto","range":null},"path":"pred_phrase","name":"Predicate Phrase","editable":false,"liftUp":true,"storePosition":true,"countSubcategories":true,"storeSubcategoriesPosition":true,"children":[{"tags":{"visualization":"auto","range":null},"path":"adv_pred","name":"Predicate with Adverb","editable":false,"liftUp":true,"storePosition":true,"countSubcategories":true,"storeSubcategoriesPosition":true},{"tags":{"visualization":"auto","range":null},"path":"noun_pred","name":"Noun - Predicate","editable":false,"liftUp":true,"storePosition":true,"countSubcategories":true,"storeSubcategoriesPosition":true},{"tags":{"visualization":"auto","range":null},"path":"verb_noun","name":"Verb - Noun","editable":false,"liftUp":true,"storePosition":true,"countSubcategories":true,"storeSubcategoriesPosition":true}]},{"tags":{"visualization":"auto","range":null},"path":"conj_phrase","name":"Conjunction Phrase","editable":false,"liftUp":true,"storePosition":true,"countSubcategories":true,"storeSubcategoriesPosition":true,"children":[{"tags":{"visualization":"auto","range":null},"path":"resultative","name":"Resultative Conjunction","editable":false,"liftUp":true,"storePosition":true,"countSubcategories":true,"storeSubcategoriesPosition":true},{"tags":{"visualization":"auto","range":null},"path":"contradictory","name":"Contradictory Conjunction","editable":false,"liftUp":true,"storePosition":true,"countSubcategories":true,"storeSubcategoriesPosition":true}]}]},{"tags":{"visualization":"auto","range":null},"path":"date","name":"date","type":"String","counterFieldName":"date"},{"tags":{"visualization":"auto","range":[{"label":"0 - 100","query":"[0, 100)"},{"label":"100 - 10000","query":"[100, 10000)"},{"label":"10000 - 1000000","query":"[10000, 1000000)"}]},"path":"client_age","name":"client_age","type":"Long","counterFieldName":"client_age"},{"tags":{"visualization":"auto","range":null},"path":"client_location","name":"client_location","type":"String","counterFieldName":"client_location"},{"tags":{"visualization":"auto","range":null},"path":"client_segment","name":"client_segment","type":"String","counterFieldName":"client_segment"},{"tags":{"visualization":"auto","range":[{"label":"0 - 100","query":"[0, 100)"},{"label":"100 - 10000","query":"[100, 10000)"},{"label":"10000 - 1000000","query":"[10000, 1000000)"}]},"path":"claim_id","name":"claim_id","type":"Long","counterFieldName":"claim_id"},{"tags":{"visualization":"auto","range":null},"path":"claim_product","name":"claim_product","type":"String","counterFieldName":"claim_product"},{"tags":{"visualization":"auto","range":null},"path":"client_sex","name":"client_sex","type":"String","counterFieldName":"client_sex"},{"tags":{"visualization":"auto","range":null},"path":"claim_product_line","name":"claim_product_line","type":"String","counterFieldName":"claim_product_line"}]},"indexSchema":{"hybridIndex":false,"indexFields":[{"name":"label","tokenized":"true"},{"name":"date","type":"string"},{"name":"client_age","type":"long"},{"name":"client_location","type":"string"},{"name":"client_segment","type":"string"},{"name":"claim_id","type":"long"},{"name":"claim_product","type":"string"},{"name":"client_sex","type":"string"},{"name":"claim_product_line","type":"string"}]},"params":{"defaultOutput":{"echoParams":"ALL","wt":"json","indent":true},"select":{"df":"body"},"query":{"defType":"adismax","sow":false,"q.op":"AND","bigram":"on","bigram.maxlength":15,"df":"body","qf":"body","carrot.snippet":"body","carrot.title":"label"},"querymodifier":{"querymodifier.analysis":false,"querymodifier.minimumRequiredTerms":5,"analysis.fieldtype":"query_modifier"},"highlighting":{"hl":true,"hl.method":"unified","hl.requiredFieldMatch":true,"hl.snippets":4,"hl.encoder":"html"}},"overlays":{},"fields":{"cb29ea70-7665-4e14-0000-016467fa6759":[{"type":"String","name":"label","label":"label","id":"label"},{"type":"String","name":"date","label":"date","id":"date"},{"type":"Long","name":"client_age","label":"client_age","id":"client_age"},{"type":"String","name":"client_location","label":"client_location","id":"client_location"},{"type":"String","name":"client_segment","label":"client_segment","id":"client_segment"},{"type":"Long","name":"claim_id","label":"claim_id","id":"claim_id"},{"type":"String","name":"claim_product","label":"claim_product","id":"claim_product"},{"type":"String","name":"client_sex","label":"client_sex","id":"client_sex"},{"type":"String","name":"claim_product_line","label":"claim_product_line","id":"claim_product_line"},{"type":"String","name":"body","label":"body","id":"body"}]}}